BEGIN TRANSACTION;
CREATE TABLE "jet_pinnedapplication" ("id" integer NOT NULL PRIMARY KEY AUTOINCREMENT, "app_label" varchar(255) NOT NULL, "user" integer unsigned NOT NULL, "date_add" datetime NOT NULL);
INSERT INTO `jet_pinnedapplication` (id,app_label,user,date_add) VALUES (1,'courses',1,'2016-11-29 23:39:50.288640');
CREATE TABLE "jet_bookmark" ("id" integer NOT NULL PRIMARY KEY AUTOINCREMENT, "url" varchar(200) NOT NULL, "title" varchar(255) NOT NULL, "user" integer unsigned NOT NULL, "date_add" datetime NOT NULL);
INSERT INTO `jet_bookmark` (id,url,title,user,date_add) VALUES (1,'http://localhost:8000/admin/','Administração do Site',1,'2016-11-28 18:55:59.124532');
INSERT INTO `jet_bookmark` (id,url,title,user,date_add) VALUES (2,'http://localhost:8000/','Home do Site',1,'2016-11-28 18:56:13.327301');
CREATE TABLE "django_session" ("session_key" varchar(40) NOT NULL PRIMARY KEY, "session_data" text NOT NULL, "expire_date" datetime NOT NULL);
INSERT INTO `django_session` (session_key,session_data,expire_date) VALUES ('edkf204y3zaz7memlmddoblxz94zt8v1','ZDg5M2UzZmZlY2RkYzc3YTI5ZTA1MTJlZTBjMWI0YjE2MzFiZDk5MTp7Il9hdXRoX3VzZXJfaGFzaCI6ImFiYTkwYmYwNjliYWRiZjhhYWI3YTkzMTNiODFiZDIwOWU0MThlMjMiLCJfYXV0aF91c2VyX2JhY2tlbmQiOiJkamFuZ28uY29udHJpYi5hdXRoLmJhY2tlbmRzLk1vZGVsQmFja2VuZCIsIl9hdXRoX3VzZXJfaWQiOiIxIn0=','2016-12-07 22:45:09.841695');
INSERT INTO `django_session` (session_key,session_data,expire_date) VALUES ('019n5qdeda3vudteyq2s0u4w4j73lm3y','Y2RjZWZlNWU5Y2YzOWI4YTdjMjEyYTYxN2Q4ZjMzNzk3MjhlNzkwOTp7Il9hdXRoX3VzZXJfYmFja2VuZCI6ImRqYW5nby5jb250cmliLmF1dGguYmFja2VuZHMuTW9kZWxCYWNrZW5kIiwiX2F1dGhfdXNlcl9oYXNoIjoiYWJhOTBiZjA2OWJhZGJmOGFhYjdhOTMxM2I4MWJkMjA5ZTQxOGUyMyIsIl9hdXRoX3VzZXJfaWQiOiIxIn0=','2016-12-08 19:07:21.059567');
INSERT INTO `django_session` (session_key,session_data,expire_date) VALUES ('a5yzmexh86rijmiwp3t8u1cpqub7sy4k','NTgwMTc1M2RmMmNhMzU5YTBmMDYwZjcyOWM3Y2RlMmI3MTJiZmJiYjp7Il9hdXRoX3VzZXJfaGFzaCI6ImFiYTkwYmYwNjliYWRiZjhhYWI3YTkzMTNiODFiZDIwOWU0MThlMjMiLCJfYXV0aF91c2VyX2lkIjoiMSIsIl9hdXRoX3VzZXJfYmFja2VuZCI6ImRqYW5nby5jb250cmliLmF1dGguYmFja2VuZHMuTW9kZWxCYWNrZW5kIn0=','2016-12-13 23:39:24.575113');
CREATE TABLE "django_migrations" ("id" integer NOT NULL PRIMARY KEY AUTOINCREMENT, "app" varchar(255) NOT NULL, "name" varchar(255) NOT NULL, "applied" datetime NOT NULL);
INSERT INTO `django_migrations` (id,app,name,applied) VALUES (1,'contenttypes','0001_initial','2016-11-22 22:52:37.075817');
INSERT INTO `django_migrations` (id,app,name,applied) VALUES (2,'contenttypes','0002_remove_content_type_name','2016-11-22 22:52:37.288972');
INSERT INTO `django_migrations` (id,app,name,applied) VALUES (3,'auth','0001_initial','2016-11-22 22:52:37.496122');
INSERT INTO `django_migrations` (id,app,name,applied) VALUES (4,'auth','0002_alter_permission_name_max_length','2016-11-22 22:52:37.706277');
INSERT INTO `django_migrations` (id,app,name,applied) VALUES (5,'auth','0003_alter_user_email_max_length','2016-11-22 22:52:37.812354');
INSERT INTO `django_migrations` (id,app,name,applied) VALUES (6,'auth','0004_alter_user_username_opts','2016-11-22 22:52:37.921477');
INSERT INTO `django_migrations` (id,app,name,applied) VALUES (7,'auth','0005_alter_user_last_login_null','2016-11-22 22:52:38.042566');
INSERT INTO `django_migrations` (id,app,name,applied) VALUES (8,'auth','0006_require_contenttypes_0002','2016-11-22 22:52:38.137591');
INSERT INTO `django_migrations` (id,app,name,applied) VALUES (9,'auth','0007_alter_validators_add_error_messages','2016-11-22 22:52:38.237664');
INSERT INTO `django_migrations` (id,app,name,applied) VALUES (10,'auth','0008_alter_user_username_max_length','2016-11-22 22:52:38.338737');
INSERT INTO `django_migrations` (id,app,name,applied) VALUES (11,'accounts','0001_initial','2016-11-22 22:52:38.569903');
INSERT INTO `django_migrations` (id,app,name,applied) VALUES (12,'accounts','0002_auto_20161112_2357','2016-11-22 22:52:38.822089');
INSERT INTO `django_migrations` (id,app,name,applied) VALUES (13,'accounts','0003_auto_20161113_0031','2016-11-22 22:52:39.087279');
INSERT INTO `django_migrations` (id,app,name,applied) VALUES (14,'admin','0001_initial','2016-11-22 22:52:39.361478');
INSERT INTO `django_migrations` (id,app,name,applied) VALUES (15,'admin','0002_logentry_remove_auto_add','2016-11-22 22:52:39.615712');
INSERT INTO `django_migrations` (id,app,name,applied) VALUES (16,'courses','0001_initial','2016-11-22 22:52:39.828868');
INSERT INTO `django_migrations` (id,app,name,applied) VALUES (17,'sessions','0001_initial','2016-11-22 22:52:40.061989');
INSERT INTO `django_migrations` (id,app,name,applied) VALUES (18,'jet','0001_initial','2016-11-28 18:53:49.645156');
INSERT INTO `django_migrations` (id,app,name,applied) VALUES (19,'jet','0002_delete_userdashboardmodule','2016-11-28 18:53:49.882170');
INSERT INTO `django_migrations` (id,app,name,applied) VALUES (20,'dashboard','0001_initial','2016-11-28 18:54:35.836602');
INSERT INTO `django_migrations` (id,app,name,applied) VALUES (21,'core','0001_initial','2016-11-28 19:20:57.082394');
CREATE TABLE "django_content_type" ("id" integer NOT NULL PRIMARY KEY AUTOINCREMENT, "app_label" varchar(100) NOT NULL, "model" varchar(100) NOT NULL);
INSERT INTO `django_content_type` (id,app_label,model) VALUES (1,'admin','logentry');
INSERT INTO `django_content_type` (id,app_label,model) VALUES (2,'auth','group');
INSERT INTO `django_content_type` (id,app_label,model) VALUES (3,'auth','permission');
INSERT INTO `django_content_type` (id,app_label,model) VALUES (4,'contenttypes','contenttype');
INSERT INTO `django_content_type` (id,app_label,model) VALUES (5,'sessions','session');
INSERT INTO `django_content_type` (id,app_label,model) VALUES (6,'accounts','user');
INSERT INTO `django_content_type` (id,app_label,model) VALUES (7,'accounts','passwordreset');
INSERT INTO `django_content_type` (id,app_label,model) VALUES (8,'courses','course');
INSERT INTO `django_content_type` (id,app_label,model) VALUES (9,'jet','bookmark');
INSERT INTO `django_content_type` (id,app_label,model) VALUES (10,'jet','pinnedapplication');
INSERT INTO `django_content_type` (id,app_label,model) VALUES (11,'dashboard','userdashboardmodule');
INSERT INTO `django_content_type` (id,app_label,model) VALUES (12,'core','empresa');
CREATE TABLE "django_admin_log" ("id" integer NOT NULL PRIMARY KEY AUTOINCREMENT, "object_id" text NULL, "object_repr" varchar(200) NOT NULL, "action_flag" smallint unsigned NOT NULL, "change_message" text NOT NULL, "content_type_id" integer NULL REFERENCES "django_content_type" ("id"), "user_id" integer NOT NULL REFERENCES "accounts_user" ("id"), "action_time" datetime NOT NULL);
INSERT INTO `django_admin_log` (id,object_id,object_repr,action_flag,change_message,content_type_id,user_id,action_time) VALUES (1,'1','Sistemas de Informações',1,'[{"added": {}}]',8,1,'2016-11-22 22:57:50.908986');
CREATE TABLE "dashboard_userdashboardmodule" ("id" integer NOT NULL PRIMARY KEY AUTOINCREMENT, "title" varchar(255) NOT NULL, "module" varchar(255) NOT NULL, "app_label" varchar(255) NULL, "user" integer unsigned NOT NULL, "column" integer unsigned NOT NULL, "order" integer NOT NULL, "settings" text NOT NULL, "children" text NOT NULL, "collapsed" bool NOT NULL);
INSERT INTO `dashboard_userdashboardmodule` (id,title,module,app_label,user,column,order,settings,children,collapsed) VALUES (1,'Quick links','jet.dashboard.modules.LinkList',NULL,1,0,0,'{"deletable": false, "draggable": false, "collapsible": false, "layout": "inline"}','[{"url": "/", "title": "Return to site"}, {"url": "/admin/password_change/", "title": "Alterar senha"}, {"url": "/admin/logout/", "title": "Encerrar sess\u00e3o"}]',0);
INSERT INTO `dashboard_userdashboardmodule` (id,title,module,app_label,user,column,order,settings,children,collapsed) VALUES (2,'Applications','jet.dashboard.modules.AppList',NULL,1,1,0,'{"exclude": ["auth.*"], "models": null}','',0);
INSERT INTO `dashboard_userdashboardmodule` (id,title,module,app_label,user,column,order,settings,children,collapsed) VALUES (3,'Administração','jet.dashboard.modules.AppList',NULL,1,2,0,'{"exclude": null, "models": ["auth.*"]}','',0);
INSERT INTO `dashboard_userdashboardmodule` (id,title,module,app_label,user,column,order,settings,children,collapsed) VALUES (4,'Recent Actions','jet.dashboard.modules.RecentActions',NULL,1,0,1,'{"include_list": null, "limit": 10, "user": null, "exclude_list": null}','',0);
INSERT INTO `dashboard_userdashboardmodule` (id,title,module,app_label,user,column,order,settings,children,collapsed) VALUES (5,'Latest Django News','jet.dashboard.modules.Feed',NULL,1,1,1,'{"limit": 5, "feed_url": "http://www.djangoproject.com/rss/weblog/"}','',0);
INSERT INTO `dashboard_userdashboardmodule` (id,title,module,app_label,user,column,order,settings,children,collapsed) VALUES (6,'Support','jet.dashboard.modules.LinkList',NULL,1,2,1,'{"deletable": true, "draggable": true, "collapsible": true, "layout": "stacked"}','[{"url": "http://docs.djangoproject.com/", "external": true, "title": "Django documentation"}, {"url": "http://groups.google.com/group/django-users", "external": true, "title": "Django \"django-users\" mailing list"}, {"url": "irc://irc.freenode.net/django", "external": true, "title": "Django irc channel"}]',0);
INSERT INTO `dashboard_userdashboardmodule` (id,title,module,app_label,user,column,order,settings,children,collapsed) VALUES (7,'Application models','jet.dashboard.modules.ModelList','courses',1,0,0,'{"models": ["courses.*"], "exclude": null}','',0);
INSERT INTO `dashboard_userdashboardmodule` (id,title,module,app_label,user,column,order,settings,children,collapsed) VALUES (8,'Recent Actions','jet.dashboard.modules.RecentActions','courses',1,1,0,'{"exclude_list": null, "include_list": ["courses.*"], "limit": 10, "user": null}','',0);
CREATE TABLE "courses_course" ("id" integer NOT NULL PRIMARY KEY AUTOINCREMENT, "name" varchar(100) NOT NULL, "slug" varchar(50) NOT NULL, "description" text NOT NULL, "about" text NOT NULL, "start_date" date NULL, "image" varchar(100) NULL, "created_at" datetime NOT NULL, "updated_at" datetime NOT NULL);
INSERT INTO `courses_course` (id,name,slug,description,about,start_date,image,created_at,updated_at) VALUES (1,'Sistemas de Informações','sistemas-de-informacoes','Curso voltado para Criação e Gerenciamento de Sistemas Computacionais utilizando as técnicas modernas de desenvolvimento','Será ministrado nas Faculdades Santo Agostinho','2016-11-16','courses/images/img-sistemas.jpg','2016-11-22 22:57:50.906984','2016-11-22 22:57:50.906984');
CREATE TABLE "core_empresa" ("id_emp" integer NOT NULL PRIMARY KEY AUTOINCREMENT, "cnpj" varchar(20) NOT NULL UNIQUE, "razao" varchar(100) NOT NULL, "fantasia" varchar(100) NULL, "endereco" varchar(55) NOT NULL, "cidade" varchar(55) NOT NULL, "uf" varchar(2) NOT NULL, "cep" integer NOT NULL, "ativo" bool NOT NULL, "data_cadastro" datetime NOT NULL);
CREATE TABLE "auth_permission" ("id" integer NOT NULL PRIMARY KEY AUTOINCREMENT, "content_type_id" integer NOT NULL REFERENCES "django_content_type" ("id"), "codename" varchar(100) NOT NULL, "name" varchar(255) NOT NULL);
INSERT INTO `auth_permission` (id,content_type_id,codename,name) VALUES (1,1,'add_logentry','Can add log entry');
INSERT INTO `auth_permission` (id,content_type_id,codename,name) VALUES (2,1,'change_logentry','Can change log entry');
INSERT INTO `auth_permission` (id,content_type_id,codename,name) VALUES (3,1,'delete_logentry','Can delete log entry');
INSERT INTO `auth_permission` (id,content_type_id,codename,name) VALUES (4,2,'add_group','Can add group');
INSERT INTO `auth_permission` (id,content_type_id,codename,name) VALUES (5,2,'change_group','Can change group');
INSERT INTO `auth_permission` (id,content_type_id,codename,name) VALUES (6,2,'delete_group','Can delete group');
INSERT INTO `auth_permission` (id,content_type_id,codename,name) VALUES (7,3,'add_permission','Can add permission');
INSERT INTO `auth_permission` (id,content_type_id,codename,name) VALUES (8,3,'change_permission','Can change permission');
INSERT INTO `auth_permission` (id,content_type_id,codename,name) VALUES (9,3,'delete_permission','Can delete permission');
INSERT INTO `auth_permission` (id,content_type_id,codename,name) VALUES (10,4,'add_contenttype','Can add content type');
INSERT INTO `auth_permission` (id,content_type_id,codename,name) VALUES (11,4,'change_contenttype','Can change content type');
INSERT INTO `auth_permission` (id,content_type_id,codename,name) VALUES (12,4,'delete_contenttype','Can delete content type');
INSERT INTO `auth_permission` (id,content_type_id,codename,name) VALUES (13,5,'add_session','Can add session');
INSERT INTO `auth_permission` (id,content_type_id,codename,name) VALUES (14,5,'change_session','Can change session');
INSERT INTO `auth_permission` (id,content_type_id,codename,name) VALUES (15,5,'delete_session','Can delete session');
INSERT INTO `auth_permission` (id,content_type_id,codename,name) VALUES (16,6,'add_user','Can add Usuário');
INSERT INTO `auth_permission` (id,content_type_id,codename,name) VALUES (17,6,'change_user','Can change Usuário');
INSERT INTO `auth_permission` (id,content_type_id,codename,name) VALUES (18,6,'delete_user','Can delete Usuário');
INSERT INTO `auth_permission` (id,content_type_id,codename,name) VALUES (19,7,'add_passwordreset','Can add Nova Senha');
INSERT INTO `auth_permission` (id,content_type_id,codename,name) VALUES (20,7,'change_passwordreset','Can change Nova Senha');
INSERT INTO `auth_permission` (id,content_type_id,codename,name) VALUES (21,7,'delete_passwordreset','Can delete Nova Senha');
INSERT INTO `auth_permission` (id,content_type_id,codename,name) VALUES (22,8,'add_course','Can add Curso');
INSERT INTO `auth_permission` (id,content_type_id,codename,name) VALUES (23,8,'change_course','Can change Curso');
INSERT INTO `auth_permission` (id,content_type_id,codename,name) VALUES (24,8,'delete_course','Can delete Curso');
INSERT INTO `auth_permission` (id,content_type_id,codename,name) VALUES (25,9,'add_bookmark','Can add bookmark');
INSERT INTO `auth_permission` (id,content_type_id,codename,name) VALUES (26,9,'change_bookmark','Can change bookmark');
INSERT INTO `auth_permission` (id,content_type_id,codename,name) VALUES (27,9,'delete_bookmark','Can delete bookmark');
INSERT INTO `auth_permission` (id,content_type_id,codename,name) VALUES (28,10,'add_pinnedapplication','Can add pinned application');
INSERT INTO `auth_permission` (id,content_type_id,codename,name) VALUES (29,10,'change_pinnedapplication','Can change pinned application');
INSERT INTO `auth_permission` (id,content_type_id,codename,name) VALUES (30,10,'delete_pinnedapplication','Can delete pinned application');
INSERT INTO `auth_permission` (id,content_type_id,codename,name) VALUES (31,11,'add_userdashboardmodule','Can add user dashboard module');
INSERT INTO `auth_permission` (id,content_type_id,codename,name) VALUES (32,11,'change_userdashboardmodule','Can change user dashboard module');
INSERT INTO `auth_permission` (id,content_type_id,codename,name) VALUES (33,11,'delete_userdashboardmodule','Can delete user dashboard module');
INSERT INTO `auth_permission` (id,content_type_id,codename,name) VALUES (34,12,'add_empresa','Can add Empresa');
INSERT INTO `auth_permission` (id,content_type_id,codename,name) VALUES (35,12,'change_empresa','Can change Empresa');
INSERT INTO `auth_permission` (id,content_type_id,codename,name) VALUES (36,12,'delete_empresa','Can delete Empresa');
CREATE TABLE "auth_group_permissions" ("id" integer NOT NULL PRIMARY KEY AUTOINCREMENT, "group_id" integer NOT NULL REFERENCES "auth_group" ("id"), "permission_id" integer NOT NULL REFERENCES "auth_permission" ("id"));
CREATE TABLE "auth_group" ("id" integer NOT NULL PRIMARY KEY AUTOINCREMENT, "name" varchar(80) NOT NULL UNIQUE);
CREATE TABLE "accounts_user_user_permissions" ("id" integer NOT NULL PRIMARY KEY AUTOINCREMENT, "user_id" integer NOT NULL REFERENCES "accounts_user" ("id"), "permission_id" integer NOT NULL REFERENCES "auth_permission" ("id"));
CREATE TABLE "accounts_user_groups" ("id" integer NOT NULL PRIMARY KEY AUTOINCREMENT, "user_id" integer NOT NULL REFERENCES "accounts_user" ("id"), "group_id" integer NOT NULL REFERENCES "auth_group" ("id"));
CREATE TABLE "accounts_user" ("id" integer NOT NULL PRIMARY KEY AUTOINCREMENT, "password" varchar(128) NOT NULL, "last_login" datetime NULL, "is_superuser" bool NOT NULL, "email" varchar(254) NOT NULL UNIQUE, "name" varchar(100) NOT NULL, "is_active" bool NOT NULL, "is_staff" bool NOT NULL, "date_joined" date NOT NULL, "username" varchar(30) NOT NULL UNIQUE);
INSERT INTO `accounts_user` (id,password,last_login,is_superuser,email,name,is_active,is_staff,date_joined,username) VALUES (1,'pbkdf2_sha256$30000$DaGabZzCNPsR$/7hJjmjeMIODqfFwwPzNCPI8JKLME6kYSF6vEgbRMv0=','2016-11-29 23:39:24.475102',1,'walissonrodrigo@outlook.com','Walisson Rodrigo',1,1,'2016-11-22','walisson');
INSERT INTO `accounts_user` (id,password,last_login,is_superuser,email,name,is_active,is_staff,date_joined,username) VALUES (2,'pbkdf2_sha256$30000$0Acj642feh9J$+c1BBaUaMG9sxaKGG7zuWCrqCaKbkdVsUIfQueNjQXU=','2016-11-22 22:54:10.843765',0,'walisonrodrigo@outlook.com','Walisson Rodrigo',1,0,'2016-11-22','walison');
CREATE TABLE "accounts_passwordreset" ("id" integer NOT NULL PRIMARY KEY AUTOINCREMENT, "key" varchar(100) NOT NULL UNIQUE, "created_at" datetime NOT NULL, "confirmed" bool NOT NULL, "user_id" integer NOT NULL REFERENCES "accounts_user" ("id"));
CREATE INDEX "django_session_de54fa62" ON "django_session" ("expire_date");
CREATE UNIQUE INDEX "django_content_type_app_label_76bd3d3b_uniq" ON "django_content_type" ("app_label", "model");
CREATE INDEX "django_admin_log_e8701ad4" ON "django_admin_log" ("user_id");
CREATE INDEX "django_admin_log_417f1b1c" ON "django_admin_log" ("content_type_id");
CREATE INDEX "courses_course_2dbcba41" ON "courses_course" ("slug");
CREATE UNIQUE INDEX "auth_permission_content_type_id_01ab375a_uniq" ON "auth_permission" ("content_type_id", "codename");
CREATE INDEX "auth_permission_417f1b1c" ON "auth_permission" ("content_type_id");
CREATE UNIQUE INDEX "auth_group_permissions_group_id_0cd325b0_uniq" ON "auth_group_permissions" ("group_id", "permission_id");
CREATE INDEX "auth_group_permissions_8373b171" ON "auth_group_permissions" ("permission_id");
CREATE INDEX "auth_group_permissions_0e939a4f" ON "auth_group_permissions" ("group_id");
CREATE UNIQUE INDEX "accounts_user_user_permissions_user_id_2ab516c2_uniq" ON "accounts_user_user_permissions" ("user_id", "permission_id");
CREATE INDEX "accounts_user_user_permissions_e8701ad4" ON "accounts_user_user_permissions" ("user_id");
CREATE INDEX "accounts_user_user_permissions_8373b171" ON "accounts_user_user_permissions" ("permission_id");
CREATE UNIQUE INDEX "accounts_user_groups_user_id_59c0b32f_uniq" ON "accounts_user_groups" ("user_id", "group_id");
CREATE INDEX "accounts_user_groups_e8701ad4" ON "accounts_user_groups" ("user_id");
CREATE INDEX "accounts_user_groups_0e939a4f" ON "accounts_user_groups" ("group_id");
CREATE INDEX "accounts_passwordreset_e8701ad4" ON "accounts_passwordreset" ("user_id");
COMMIT;
